timeStamp,elapsed,label,responseCode,responseMessage,threadName,dataType,success,failureMessage,bytes,sentBytes,grpThreads,allThreads,URL,Latency,IdleTime,Connect
1694431912167,630,HomePage,200,"Number of samples in transaction : 1, number of failing samples : 0",Thread Group 1-3,,true,,4511,423,10,10,null,0,5,246
1694431912076,722,HomePage,200,"Number of samples in transaction : 1, number of failing samples : 0",Thread Group 1-2,,true,,4511,423,10,10,null,0,4,224
1694431912171,630,HomePage-1,200,OK,Thread Group 1-3,text,true,,4511,423,10,10,http://www.webloadmpstore.com/index.php,630,0,246
1694431912079,722,HomePage-1,200,OK,Thread Group 1-2,text,true,,4511,423,10,10,http://www.webloadmpstore.com/index.php,722,0,224
1694431912263,632,HomePage,200,"Number of samples in transaction : 1, number of failing samples : 0",Thread Group 1-4,,true,,4511,423,10,10,null,0,4,225
1694431912266,632,HomePage-1,200,OK,Thread Group 1-4,text,true,,4511,423,10,10,http://www.webloadmpstore.com/index.php,632,0,225
1694431912306,602,HomePage,200,"Number of samples in transaction : 1, number of failing samples : 0",Thread Group 1-5,,true,,4511,423,10,10,null,0,3,239
1694431912308,602,HomePage-1,200,OK,Thread Group 1-5,text,true,,4511,423,10,10,http://www.webloadmpstore.com/index.php,601,0,239
1694431912402,584,HomePage,200,"Number of samples in transaction : 1, number of failing samples : 0",Thread Group 1-6,,true,,4511,423,10,10,null,0,4,230
1694431912405,584,HomePage-1,200,OK,Thread Group 1-6,text,true,,4511,423,10,10,http://www.webloadmpstore.com/index.php,584,0,230
1694431912497,605,HomePage,200,"Number of samples in transaction : 1, number of failing samples : 0",Thread Group 1-7,,true,,4511,423,10,10,null,0,4,228
1694431912500,605,HomePage-1,200,OK,Thread Group 1-7,text,true,,4511,423,10,10,http://www.webloadmpstore.com/index.php,605,0,228
1694431912804,344,RegisterPage,200,"Number of samples in transaction : 1, number of failing samples : 0",Thread Group 1-2,,true,,3786,472,10,10,null,0,1,0
1694431912804,344,RegisterPage-3,200,OK,Thread Group 1-2,text,true,,3786,472,10,10,http://www.webloadmpstore.com/register.php,344,0,0
1694431912804,359,RegisterPage,200,"Number of samples in transaction : 1, number of failing samples : 0",Thread Group 1-3,,true,,3786,472,10,10,null,0,1,0
1694431912804,359,RegisterPage-3,200,OK,Thread Group 1-3,text,true,,3786,472,10,10,http://www.webloadmpstore.com/register.php,359,0,0
1694431912594,588,HomePage,200,"Number of samples in transaction : 1, number of failing samples : 0",Thread Group 1-8,,true,,4511,423,10,10,null,0,4,226
1694431912597,588,HomePage-1,200,OK,Thread Group 1-8,text,true,,4511,423,10,10,http://www.webloadmpstore.com/index.php,587,0,226
1694431912911,298,RegisterPage,200,"Number of samples in transaction : 1, number of failing samples : 0",Thread Group 1-5,,true,,3787,472,10,10,null,0,3,0
1694431912912,298,RegisterPage-3,200,OK,Thread Group 1-5,text,true,,3787,472,10,10,http://www.webloadmpstore.com/register.php,298,0,0
1694431912017,1199,HomePage,200,"Number of samples in transaction : 1, number of failing samples : 0",Thread Group 1-1,,true,,4511,423,10,10,null,0,4,228
1694431912020,1199,HomePage-1,200,OK,Thread Group 1-1,text,true,,4511,423,10,10,http://www.webloadmpstore.com/index.php,1199,0,228
1694431912899,321,RegisterPage,200,"Number of samples in transaction : 1, number of failing samples : 0",Thread Group 1-4,,true,,3786,472,10,10,null,0,3,0
1694431912900,321,RegisterPage-3,200,OK,Thread Group 1-4,text,true,,3786,472,10,10,http://www.webloadmpstore.com/register.php,321,0,0
1694431912990,293,RegisterPage,200,"Number of samples in transaction : 1, number of failing samples : 0",Thread Group 1-6,,true,,3787,472,10,10,null,0,2,0
1694431912991,293,RegisterPage-3,200,OK,Thread Group 1-6,text,true,,3787,472,10,10,http://www.webloadmpstore.com/register.php,292,0,0
1694431912695,602,HomePage,200,"Number of samples in transaction : 1, number of failing samples : 0",Thread Group 1-9,,true,,4511,423,10,10,null,0,3,228
1694431912697,602,HomePage-1,200,OK,Thread Group 1-9,text,true,,4511,423,10,10,http://www.webloadmpstore.com/index.php,601,0,228
1694431912789,567,HomePage,200,"Number of samples in transaction : 1, number of failing samples : 0",Thread Group 1-10,,true,,4511,423,10,10,null,0,3,226
1694431912791,567,HomePage-1,200,OK,Thread Group 1-10,text,true,,4511,423,10,10,http://www.webloadmpstore.com/index.php,567,0,226
1694431913107,281,RegisterPage,200,"Number of samples in transaction : 1, number of failing samples : 0",Thread Group 1-7,,true,,3787,472,10,10,null,0,1,0
1694431913107,281,RegisterPage-3,200,OK,Thread Group 1-7,text,true,,3787,472,10,10,http://www.webloadmpstore.com/register.php,280,0,0
1694431913187,275,RegisterPage,200,"Number of samples in transaction : 1, number of failing samples : 0",Thread Group 1-8,,true,,3784,472,10,10,null,0,1,0
1694431913188,275,RegisterPage-3,200,OK,Thread Group 1-8,text,true,,3784,472,10,10,http://www.webloadmpstore.com/register.php,274,0,0
1694431913150,330,RegisterSubmit,200,"Number of samples in transaction : 1, number of failing samples : 0",Thread Group 1-2,,true,,9994,469,10,10,null,0,2,0
1694431913151,330,RegisterSubmit-4,200,OK,Thread Group 1-2,text,true,,9994,469,10,10,http://www.webloadmpstore.com/register.php,330,0,0
1694431913165,348,RegisterSubmit,200,"Number of samples in transaction : 1, number of failing samples : 0",Thread Group 1-3,,true,,9994,470,10,10,null,0,1,0
1694431913165,348,RegisterSubmit-4,200,OK,Thread Group 1-3,text,true,,9994,470,10,10,http://www.webloadmpstore.com/register.php,348,0,0
1694431913221,307,RegisterPage,200,"Number of samples in transaction : 1, number of failing samples : 0",Thread Group 1-1,,true,,3787,472,10,10,null,0,2,0
1694431913222,307,RegisterPage-3,200,OK,Thread Group 1-1,text,true,,3787,472,10,10,http://www.webloadmpstore.com/register.php,306,0,0
1694431913223,314,RegisterSubmit,200,"Number of samples in transaction : 1, number of failing samples : 0",Thread Group 1-4,,true,,9994,471,10,10,null,0,2,0
1694431913224,314,RegisterSubmit-4,200,OK,Thread Group 1-4,text,true,,9994,471,10,10,http://www.webloadmpstore.com/register.php,314,0,0
1694431913212,334,RegisterSubmit,200,"Number of samples in transaction : 1, number of failing samples : 0",Thread Group 1-5,,true,,9994,472,10,10,null,0,2,0
1694431913213,334,RegisterSubmit-4,200,OK,Thread Group 1-5,text,true,,9994,472,10,10,http://www.webloadmpstore.com/register.php,334,0,0
1694431913301,280,RegisterPage,200,"Number of samples in transaction : 1, number of failing samples : 0",Thread Group 1-9,,true,,3787,472,10,10,null,0,2,0
1694431913302,280,RegisterPage-3,200,OK,Thread Group 1-9,text,true,,3787,472,10,10,http://www.webloadmpstore.com/register.php,280,0,0
1694431913285,332,RegisterSubmit,200,"Number of samples in transaction : 1, number of failing samples : 0",Thread Group 1-6,,true,,9994,475,10,10,null,0,1,0
1694431913286,332,RegisterSubmit-4,200,OK,Thread Group 1-6,text,true,,9994,475,10,10,http://www.webloadmpstore.com/register.php,331,0,0
1694431913360,258,RegisterPage,200,"Number of samples in transaction : 1, number of failing samples : 0",Thread Group 1-10,,true,,3787,472,10,10,null,0,2,0
1694431913361,258,RegisterPage-3,200,OK,Thread Group 1-10,text,true,,3787,472,10,10,http://www.webloadmpstore.com/register.php,257,0,0
1694431913389,288,RegisterSubmit,200,"Number of samples in transaction : 1, number of failing samples : 0",Thread Group 1-7,,true,,9994,477,10,10,null,0,2,0
1694431913390,288,RegisterSubmit-4,200,OK,Thread Group 1-7,text,true,,9994,477,10,10,http://www.webloadmpstore.com/register.php,288,0,0
1694431913482,284,LoginPage,200,"Number of samples in transaction : 1, number of failing samples : 0",Thread Group 1-2,,true,,3579,472,10,10,null,0,2,0
1694431913483,284,LoginPage-5,200,OK,Thread Group 1-2,text,true,,3579,472,10,10,http://www.webloadmpstore.com/login.php,282,0,0
1694431913464,310,RegisterSubmit,200,"Number of samples in transaction : 1, number of failing samples : 0",Thread Group 1-8,,true,,9994,473,10,10,null,0,1,0
1694431913464,310,RegisterSubmit-4,200,OK,Thread Group 1-8,text,true,,9994,473,10,10,http://www.webloadmpstore.com/register.php,310,0,0
1694431913514,271,LoginPage,200,"Number of samples in transaction : 1, number of failing samples : 0",Thread Group 1-3,,true,,3582,472,10,10,null,0,1,0
1694431913515,271,LoginPage-5,200,OK,Thread Group 1-3,text,true,,3582,472,10,10,http://www.webloadmpstore.com/login.php,271,0,0
1694431913539,274,LoginPage,200,"Number of samples in transaction : 1, number of failing samples : 0",Thread Group 1-4,,true,,3579,472,10,10,null,0,2,0
1694431913540,274,LoginPage-5,200,OK,Thread Group 1-4,text,true,,3579,472,10,10,http://www.webloadmpstore.com/login.php,273,0,0
1694431913548,268,LoginPage,200,"Number of samples in transaction : 1, number of failing samples : 0",Thread Group 1-5,,true,,3583,472,10,10,null,0,2,0
1694431913549,268,LoginPage-5,200,OK,Thread Group 1-5,text,true,,3583,472,10,10,http://www.webloadmpstore.com/login.php,268,0,0
1694431913530,327,RegisterSubmit,200,"Number of samples in transaction : 1, number of failing samples : 0",Thread Group 1-1,,true,,9994,467,10,10,null,0,2,0
1694431913531,327,RegisterSubmit-4,200,OK,Thread Group 1-1,text,true,,9994,467,10,10,http://www.webloadmpstore.com/register.php,326,0,0
1694431913584,285,RegisterSubmit,200,"Number of samples in transaction : 1, number of failing samples : 0",Thread Group 1-9,,true,,9994,473,10,10,null,0,0,0
1694431913584,285,RegisterSubmit-4,200,OK,Thread Group 1-9,text,true,,9994,473,10,10,http://www.webloadmpstore.com/register.php,285,0,0
1694431913619,299,LoginPage,200,"Number of samples in transaction : 1, number of failing samples : 0",Thread Group 1-6,,true,,3582,472,10,10,null,0,1,0
1694431913620,299,LoginPage-5,200,OK,Thread Group 1-6,text,true,,3582,472,10,10,http://www.webloadmpstore.com/login.php,298,0,0
1694431913620,309,RegisterSubmit,200,"Number of samples in transaction : 1, number of failing samples : 0",Thread Group 1-10,,true,,9994,475,10,10,null,0,1,0
1694431913620,309,RegisterSubmit-4,200,OK,Thread Group 1-10,text,true,,9994,475,10,10,http://www.webloadmpstore.com/register.php,309,0,0
1694431913679,262,LoginPage,200,"Number of samples in transaction : 1, number of failing samples : 0",Thread Group 1-7,,true,,3582,472,10,10,null,0,1,0
1694431913680,262,LoginPage-5,200,OK,Thread Group 1-7,text,true,,3582,472,10,10,http://www.webloadmpstore.com/login.php,261,0,0
1694431913776,254,LoginPage,200,"Number of samples in transaction : 1, number of failing samples : 0",Thread Group 1-8,,true,,3580,472,10,10,null,0,2,0
1694431913777,254,LoginPage-5,200,OK,Thread Group 1-8,text,true,,3580,472,10,10,http://www.webloadmpstore.com/login.php,254,0,0
1694431913859,280,LoginPage,200,"Number of samples in transaction : 1, number of failing samples : 0",Thread Group 1-1,,true,,3582,472,10,10,null,0,2,0
1694431913860,280,LoginPage-5,200,OK,Thread Group 1-1,text,true,,3582,472,10,10,http://www.webloadmpstore.com/login.php,280,0,0
1694431913870,301,LoginPage,200,"Number of samples in transaction : 1, number of failing samples : 0",Thread Group 1-9,,true,,3582,472,10,10,null,0,0,0
1694431913870,301,LoginPage-5,200,OK,Thread Group 1-9,text,true,,3582,472,10,10,http://www.webloadmpstore.com/login.php,300,0,0
1694431913930,301,LoginPage,200,"Number of samples in transaction : 1, number of failing samples : 0",Thread Group 1-10,,true,,3583,472,10,10,null,0,1,0
1694431913931,301,LoginPage-5,200,OK,Thread Group 1-10,text,true,,3583,472,10,10,http://www.webloadmpstore.com/login.php,300,0,0
1694431913768,618,LoginSubmit,200,"Number of samples in transaction : 2, number of failing samples : 0",Thread Group 1-2,,true,,7709,1127,10,10,null,0,2,0
1694431913769,290,LoginSubmit-9,200,OK,Thread Group 1-2,text,true,,3258,708,10,10,http://www.webloadmpstore.com/login.php,290,0,0
1694431914060,328,LoginSubmit-10,200,OK,Thread Group 1-2,text,true,,4451,419,10,10,http://www.webloadmpstore.com/index.php,327,0,0
1694431913787,613,LoginSubmit,200,"Number of samples in transaction : 2, number of failing samples : 0",Thread Group 1-3,,true,,7709,1127,9,9,null,0,3,0
1694431913788,297,LoginSubmit-9,200,OK,Thread Group 1-3,text,true,,3258,708,10,10,http://www.webloadmpstore.com/login.php,296,0,0
1694431914086,316,LoginSubmit-10,200,OK,Thread Group 1-3,text,true,,4451,419,9,9,http://www.webloadmpstore.com/index.php,316,0,0
1694431913836,631,LoginSubmit,200,"Number of samples in transaction : 2, number of failing samples : 0",Thread Group 1-4,,true,,7709,1127,8,8,null,0,3,0
1694431913837,312,LoginSubmit-9,200,OK,Thread Group 1-4,text,true,,3258,708,10,10,http://www.webloadmpstore.com/login.php,311,0,0
1694431914150,319,LoginSubmit-10,200,OK,Thread Group 1-4,text,true,,4451,419,8,8,http://www.webloadmpstore.com/index.php,319,0,0
1694431913836,686,LoginSubmit,200,"Number of samples in transaction : 2, number of failing samples : 0",Thread Group 1-5,,true,,7709,1127,7,7,null,0,3,0
1694431913837,330,LoginSubmit-9,200,OK,Thread Group 1-5,text,true,,3258,708,10,10,http://www.webloadmpstore.com/login.php,330,0,0
1694431914169,356,LoginSubmit-10,200,OK,Thread Group 1-5,text,true,,4451,419,7,7,http://www.webloadmpstore.com/index.php,355,0,0
1694431913919,718,LoginSubmit,200,"Number of samples in transaction : 2, number of failing samples : 0",Thread Group 1-6,,true,,7709,1127,6,6,null,0,2,0
1694431913920,312,LoginSubmit-9,200,OK,Thread Group 1-6,text,true,,3258,708,10,10,http://www.webloadmpstore.com/login.php,311,0,0
1694431914233,406,LoginSubmit-10,200,OK,Thread Group 1-6,text,true,,4451,419,6,6,http://www.webloadmpstore.com/index.php,406,0,0
1694431913942,697,LoginSubmit,200,"Number of samples in transaction : 2, number of failing samples : 0",Thread Group 1-7,,true,,7709,1127,5,5,null,0,2,0
1694431913943,300,LoginSubmit-9,200,OK,Thread Group 1-7,text,true,,3258,708,10,10,http://www.webloadmpstore.com/login.php,299,0,0
1694431914244,397,LoginSubmit-10,200,OK,Thread Group 1-7,text,true,,4451,419,5,5,http://www.webloadmpstore.com/index.php,396,0,0
1694431914032,649,LoginSubmit,200,"Number of samples in transaction : 2, number of failing samples : 0",Thread Group 1-8,,true,,7709,1127,4,4,null,0,3,0
1694431914033,311,LoginSubmit-9,200,OK,Thread Group 1-8,text,true,,3258,708,10,10,http://www.webloadmpstore.com/login.php,311,0,0
1694431914345,338,LoginSubmit-10,200,OK,Thread Group 1-8,text,true,,4451,419,4,4,http://www.webloadmpstore.com/index.php,338,0,0
1694431914141,628,LoginSubmit,200,"Number of samples in transaction : 2, number of failing samples : 0",Thread Group 1-1,,true,,7709,1127,3,3,null,0,3,0
1694431914141,314,LoginSubmit-9,200,OK,Thread Group 1-1,text,true,,3258,708,8,8,http://www.webloadmpstore.com/login.php,314,0,0
1694431914457,314,LoginSubmit-10,200,OK,Thread Group 1-1,text,true,,4451,419,3,3,http://www.webloadmpstore.com/index.php,314,0,0
1694431914171,659,LoginSubmit,200,"Number of samples in transaction : 2, number of failing samples : 0",Thread Group 1-9,,true,,7709,1127,2,2,null,0,3,0
1694431914172,331,LoginSubmit-9,200,OK,Thread Group 1-9,text,true,,3258,708,7,7,http://www.webloadmpstore.com/login.php,331,0,0
1694431914505,328,LoginSubmit-10,200,OK,Thread Group 1-9,text,true,,4451,419,2,2,http://www.webloadmpstore.com/index.php,327,0,0
1694431914233,629,LoginSubmit,200,"Number of samples in transaction : 2, number of failing samples : 0",Thread Group 1-10,,true,,7709,1127,1,1,null,0,3,0
1694431914234,323,LoginSubmit-9,200,OK,Thread Group 1-10,text,true,,3258,708,6,6,http://www.webloadmpstore.com/login.php,323,0,0
1694431914558,306,LoginSubmit-10,200,OK,Thread Group 1-10,text,true,,4451,419,1,1,http://www.webloadmpstore.com/index.php,306,0,0
